Region ID,Country,Name,ISO2,ISO3,ICON_Small,ICON_Large,Long,Lat,REGION
AF,Afghanistan,Islamic Republic of Afghanistan,AF,AFG,AF-32.png,AF-128.png,33.98299275,66.39159363,6
AX,Åland Islands,Åland Islands,AX,ALA,AX-32.png,AX-128.png,60.25403213,20.3591835,9
AL,Albania,Republic of Albania,AL,ALB,AL-32.png,AL-128.png,41.00017358,19.87170014,7
DZ,Algeria,People’s Democratic Republic of Algeria,DZ,DZA,DZ-32.png,DZ-128.png,27.8986169,3.19771194,5
AS,American Samoa,The United States Territory of American Samoa,AS,ASM,AS-32.png,AS-128.png,-14.30634641,-170.6950175,11
AD,Andorra,Principality of Andorra,AD,AND,AD-32.png,AD-128.png,42.54057088,1.5520134,11
AO,Angola,Republic of Angola,AO,AGO,AO-32.png,AO-128.png,-12.16469683,16.70933622,6
AI,Anguilla,Anguilla,AI,AIA,AI-32.png,AI-128.png,18.22053521,-63.068613,12
AQ,Antarctica,Antarctica,AQ,ATA,AQ-32.png,AQ-128.png,-45.13806295,10.48095703,2
AG,Antigua and Barbuda,Antigua and Barbuda,AG,ATG,AG-32.png,AG-128.png,17.48060423,-61.42014426,9
AR,Argentina,Argentine Republic,AR,ARG,AR-32.png,AR-128.png,-38.01529308,-64.97897469,4
AM,Armenia,Republic of Armenia,AM,ARM,AM-32.png,AM-128.png,40.13475528,45.01072318,7
AW,Aruba,Aruba of the Kingdom of the Netherlands,AW,ABW,AW-32.png,AW-128.png,12.52109661,-69.968338,12
AU,Australia,Australia,AU,AUS,AU-32.png,AU-128.png,-26.29594646,133.5554094,4
AT,Austria,Republic of Austria,AT,AUT,AT-32.png,AT-128.png,47.63125476,13.18776731,7
AZ,Azerbaijan,Republic of Azerbaijan,AZ,AZE,AZ-32.png,AZ-128.png,40.35321757,47.46706372,7
BS,Bahamas,Commonwealth of the Bahamas,BS,BHS,BS-32.png,BS-128.png,24.45991732,-77.68192453,7
BH,Bahrain,Kingdom of Bahrain,BH,BHR,BH-32.png,BH-128.png,25.90740996,50.65932354,9
BD,Bangladesh,People’s Republic of Bangladesh,BD,BGD,BD-32.png,BD-128.png,24.08273251,90.49915527,7
BB,Barbados,Barbados,BB,BRB,BB-32.png,BB-128.png,13.19383077,-59.543196,11
BY,Belarus,Republic of Belarus,BY,BLR,BY-32.png,BY-128.png,53.58628747,27.953389,6
BE,Belgium,Kingdom of Belgium,BE,BEL,BE-32.png,BE-128.png,50.49593874,4.469936,8
BZ,Belize,Belize,BZ,BLZ,BZ-32.png,BZ-128.png,17.21153631,-88.01424956,8
BJ,Benin,Republic of Benin,BJ,BEN,BJ-32.png,BJ-128.png,9.37180859,2.29386134,7
BM,Bermuda,the Bermudas,BM,BMU,BM-32.png,BM-128.png,32.31995785,-64.76182765,12
BT,Bhutan,Kingdom of Bhutan,BT,BTN,BT-32.png,BT-128.png,27.50752756,90.433603,8
BO,Bolivia,Plurinational State of Bolivia,BO,BOL,BO-32.png,BO-128.png,-16.74518128,-65.19265691,6
BQ,"Bonaire, Saint Eustatius And Saba","Bonaire, Saint Eustatius and Saba",BQ,BES,BQ-32.png,BQ-128.png,12.17229702,-68.2883117,11
BA,Bosnia and Herzegovina,Bosnia and Herzegovina,BA,BIH,BA-32.png,BA-128.png,44.00040856,17.8164091,7
BW,Botswana,Republic of Botswana,BW,BWA,BW-32.png,BW-128.png,-22.18279485,24.22344422,6
BV,Bouvet Island,Bouvet Island,BV,BVT,BV-32.png,BV-128.png,-54.42316906,3.413196,12
BR,Brazil,Federative Republic of Brazil,BR,BRA,BR-32.png,BR-128.png,-11.80965046,-53.331526,4
IO,British Indian Ocean Territory,The British Indian Ocean Territory,IO,IOT,IO-32.png,IO-128.png,-7.33461519,72.4242528,12
BN,Brunei,Brunei Darussalam,BN,BRN,BN-32.png,BN-128.png,4.54189364,114.6013282,9
BG,Bulgaria,Republic of Bulgaria,BG,BGR,BG-32.png,BG-128.png,42.70160678,25.485832,7
BF,Burkina Faso,Burkina Faso,BF,BFA,BF-32.png,BF-128.png,12.22492458,-1.561591,7
BI,Burundi,Republic of Burundi,BI,BDI,BI-32.png,BI-128.png,-3.40499707,29.88592902,8
CV,Cabo Verde,Republic of Cabo Verde,CV,CPV,CV-32.png,CV-128.png,15.11988711,-23.6051701,10
KH,Cambodia,Kingdom of Cambodia,KH,KHM,KH-32.png,KH-128.png,12.83288883,104.8481427,7
CM,Cameroon,Republic of Cameroon,CM,CMR,CM-32.png,CM-128.png,7.38622543,12.72825915,6
CA,Canada,Canada,CA,CAN,CA-32.png,CA-128.png,60.36196817,-106.6983315,4
KY,Cayman Islands,The Cayman Islands,KY,CYM,KY-32.png,KY-128.png,19.31322102,-81.254598,11
CF,Central African Republic,Central African Republic,CF,CAF,CF-32.png,CF-128.png,6.8254183,20.64281514,6
TD,Chad,Republic of Chad,TD,TCD,TD-32.png,TD-128.png,14.80342407,18.78714064,5
CL,Chile,Republic of Chile,CL,CHL,CL-32.png,CL-128.png,-38.0176079,-71.40014474,4
CN,China,People's Republic of China,CN,CHN,CN-32.png,CN-128.png,36.7145744,103.558192,4
CX,Christmas Island,Territory of Christmas Island,CX,CXR,CX-32.png,CX-128.png,-10.49170619,105.680838,11
CC,Cocos (Keeling) Islands,Territory of Cocos (Keeling) Islands,CC,CCK,CC-32.png,CC-128.png,-12.12890685,96.84689104,12
CO,Colombia,Republic of Colombia,CO,COL,CO-32.png,CO-128.png,3.6818232,-73.53927436,5
KM,Comoros,Union of the Comoros,KM,COM,KM-32.png,KM-128.png,-11.64529989,43.333302,10
CG,Congo,Republic of the Congo,CG,COG,CG-32.png,CG-128.png,-0.68967806,15.6903319,6
CK,Cook Islands,Cook Islands,CK,COK,CK-32.png,CK-128.png,-21.23673066,-159.777669,13
CR,Costa Rica,Republic of Costa Rica,CR,CRI,CR-32.png,CR-128.png,9.98427463,-84.09949534,8
CI,Côte d'Ivoire,Republic of Côte d'Ivoire,CI,CIV,CI-32.png,CI-128.png,7.59684148,-5.49214636,7
HR,Croatia,Republic of Croatia,HR,HRV,HR-32.png,HR-128.png,44.81372482,16.29039507,7
CU,Cuba,Republic of Cuba,CU,CUB,CU-32.png,CU-128.png,21.54513189,-79.00064743,6
CW,Curaçao,Curaçao,CW,CUW,CW-32.png,CW-128.png,12.20710309,-69.02160369,11
CY,Cyprus,Republic of Cyprus,CY,CYP,CY-32.png,CY-128.png,35.12450768,33.429861,9
CZ,Czech Republic,Czech Republic,CZ,CZE,CZ-32.png,CZ-128.png,49.76026136,15.53888197,7
CD,Democratic Republic of the Congo,Democratic Republic of the Congo,CD,ZAR,CD-32.png,CD-128.png,-4.05373938,23.01110741,5
DK,Denmark,Kingdom of Denmark,DK,DNK,DK-32.png,DK-128.png,54.71794021,9.41938953,6
DJ,Djibouti,Republic of Djibouti,DJ,DJI,DJ-32.png,DJ-128.png,11.75959257,42.65344839,8
DM,Dominica,Commonwealth of Dominica,DM,DMA,DM-32.png,DM-128.png,15.41473963,-61.370974,10
DO,Dominican Republic,Dominican Republic,DO,DOM,DO-32.png,DO-128.png,18.73076761,-70.162649,8
EC,Ecuador,Republic of Ecuador,EC,ECU,EC-32.png,EC-128.png,-1.22919037,-78.55693916,6
EG,Egypt,Arab Republic of Egypt,EG,EGY,EG-32.png,EG-128.png,26.71650873,30.8025,6
SV,El Salvador,Republic of El Salvador,SV,SLV,SV-32.png,SV-128.png,13.79043561,-88.896528,8
GQ,Equatorial Guinea,Republic of Equatorial Guinea,GQ,GNQ,GQ-32.png,GQ-128.png,1.65068442,10.267897,9
ER,Eritrea,State of Eritrea,ER,ERI,ER-32.png,ER-128.png,15.21227764,39.61204792,7
EE,Estonia,Republic of Estonia,EE,EST,EE-32.png,EE-128.png,58.74041141,25.38165099,7
ET,Ethiopia,Federal Democratic Republic of Ethiopia,ET,ETH,ET-32.png,ET-128.png,9.10727589,39.84148164,6
EU,European Union,European Union,EU,EUR,EU-32.png,EU-128.png,48.76380654,14.2684314,3
FK,Falkland Islands (Malvinas),Falkland Islands,FK,FLK,FK-32.png,FK-128.png,-51.78838251,-59.523611,8
FO,Faroe Islands,Faroe Islands,FO,FRO,FO-32.png,FO-128.png,61.88590482,-6.911804,8
FJ,Fiji,Republic of Fiji,FJ,FJI,FJ-32.png,FJ-128.png,-17.71219757,178.065036,9
FI,Finland,Republic of Finland,FI,FIN,FI-32.png,FI-128.png,64.69610892,26.36339137,5
FR,France,French Republic,FR,FRA,FR-32.png,FR-128.png,46.48372145,2.60926281,6
GF,French Guiana,French Guiana,GF,GUF,GF-32.png,GF-128.png,4.01114381,-52.97746057,7
PF,French Polynesia,Territory of French Polynesia,PF,PYF,PF-32.png,PF-128.png,-17.66243898,-149.406839,10
TF,French Southern and Antarctic Lands,Territory of the French Southern and Antarctic Lands,TF,ATF,TF-32.png,TF-128.png,-49.27235903,69.348563,8
GA,Gabon,Gabonese Republic,GA,GAB,GA-32.png,GA-128.png,-0.43426435,11.43916591,7
GE,Georgia,Georgia,GE,GEO,GE-32.png,GE-128.png,41.82754301,44.17329916,7
DE,Germany,Federal Republic of Germany,DE,DEU,DE-32.png,DE-128.png,50.82871201,10.97887975,6
GH,Ghana,Republic of Ghana,GH,GHA,GH-32.png,GH-128.png,7.69154199,-1.29234904,7
GI,Gibraltar,Gibraltar,GI,GIB,GI-32.png,GI-128.png,36.14864641,-5.34404779,12
GR,Greece,Hellenic Republic,GR,GRC,GR-32.png,GR-128.png,38.52254746,24.53794505,6
GL,Greenland,Greenland,GL,GRL,GL-32.png,GL-128.png,71.42932629,-34.38651956,3
GD,Grenada,Grenada,GD,GRD,GD-32.png,GD-128.png,12.11644807,-61.678994,11
GP,Guadeloupe,Department of Guadeloupe,GP,GLP,GP-32.png,GP-128.png,16.26472785,-61.550994,10
GU,Guam,Territory of Guam,GU,GUM,GU-32.png,GU-128.png,13.44410137,144.8074779,10
GT,Guatemala,Republic of Guatemala,GT,GTM,GT-32.png,GT-128.png,15.72598421,-89.96707712,7
GG,Guernsey,Bailiwick of Guernsey,GG,GGY,GG-32.png,GG-128.png,49.46565975,-2.585272,12
GN,Guinea,Republic of Guinea,GN,GIN,GN-32.png,GN-128.png,9.94301472,-11.31711839,7
GW,Guinea-Bissau,Republic of Guinea-Bissau,GW,GNB,GW-32.png,GW-128.png,11.80050682,-15.180407,8
GY,Guyana,Republic of Guyana,GY,GUY,GY-32.png,GY-128.png,4.47957059,-58.72692293,6
HT,Haiti,Republic of Haiti,HT,HTI,HT-32.png,HT-128.png,19.07430861,-72.79607526,8
HM,Heard Island And McDonald Islands,Heard and McDonald Islands,HM,HMD,HM-32.png,HM-128.png,-53.08168847,73.504158,11
HN,Honduras,Republic of Honduras,HN,HND,HN-32.png,HN-128.png,14.64994423,-87.01643713,7
HK,Hong Kong,Hong Kong Special Administrative Region of the People's Republic,HK,HKG,HK-32.png,HK-128.png,22.33728531,114.1465779,11
HU,Hungary,Republic of Hungary,HU,HUN,HU-32.png,HU-128.png,46.97670384,19.35499657,7
IS,Iceland,Republic of Iceland,IS,ISL,IS-32.png,IS-128.png,64.99294495,-18.57038755,6
IN,India,Republic of India,IN,IND,IN-32.png,IN-128.png,20.46549519,78.50146222,4
ID,Indonesia,Republic of Indonesia,ID,IDN,ID-32.png,ID-128.png,-2.4622968,121.1832979,4
IR,Iran,Islamic Republic of Iran,IR,IRN,IR-32.png,IR-128.png,31.40240324,51.28204814,5
IQ,Iraq,Republic of Iraq,IQ,IRQ,IQ-32.png,IQ-128.png,32.90170182,43.19590056,6
IE,Ireland,Ireland,IE,IRL,IE-32.png,IE-128.png,53.10101628,-8.21092302,6
IM,Isle of Man,The Isle of Man,IM,IMN,IM-32.png,IM-128.png,54.23562697,-4.548054,10
IL,Israel,State of Israel,IL,ISR,IL-32.png,IL-128.png,30.85883075,34.91753797,7
IT,Italy,Republic of Italy,IT,ITA,IT-32.png,IT-128.png,41.7781084,12.67725128,5
JM,Jamaica,Jamaica,JM,JAM,JM-32.png,JM-128.png,18.10838487,-77.297506,9
JP,Japan,Japan,JP,JPN,JP-32.png,JP-128.png,37.51848822,137.6706606,5
JE,Jersey,Bailiwick of Jersey,JE,JEY,JE-32.png,JE-128.png,49.21440771,-2.131246,12
JO,Jordan,Hashemite Kingdom of Jordan,JO,JOR,JO-32.png,JO-128.png,31.31616588,36.3757551,7
KZ,Kazakhstan,Republic of Kazakhstan,KZ,KAZ,KZ-32.png,KZ-128.png,45.38592596,68.81334444,4
KE,Kenya,Republic of Kenya,KE,KEN,KE-32.png,KE-128.png,0.19582452,37.97212297,6
KI,Kiribati,Republic of Kiribati,KI,KIR,KI-32.png,KI-128.png,1.87085244,-157.3625931,10
KW,Kuwait,State of Kuwait,KW,KWT,KW-32.png,KW-128.png,29.43253341,47.71798405,8
KG,Kyrgyzstan,Kyrgyz Republic,KG,KGZ,KG-32.png,KG-128.png,41.11509878,74.25524574,6
LA,Laos,Lao People’s Democratic Republic,LA,LAO,LA-32.png,LA-128.png,17.76075593,103.6161135,6
LV,Latvia,Republic of Latvia,LV,LVA,LV-32.png,LV-128.png,56.86697515,24.54826936,7
LB,Lebanon,Lebanese Republic,LB,LBN,LB-32.png,LB-128.png,34.08249284,35.66454309,8
LS,Lesotho,Kingdom of Lesotho,LS,LSO,LS-32.png,LS-128.png,-29.60303205,28.233612,8
LR,Liberia,Republic of Liberia,LR,LBR,LR-32.png,LR-128.png,6.44154681,-9.39103485,7
LY,Libya,Socialist People’s Libyan Arab Jamahiriya,LY,LBY,LY-32.png,LY-128.png,27.06902914,18.19513987,5
LI,Liechtenstein,Principality of Liechtenstein,LI,LIE,LI-32.png,LI-128.png,47.16587383,9.555377,11
LT,Lithuania,Republic of Lithuania,LT,LTU,LT-32.png,LT-128.png,55.25095948,23.80987587,7
LU,Luxembourg,Grand Duchy of Luxembourg,LU,LUX,LU-32.png,LU-128.png,49.81327712,6.129587,9
MO,Macao,Macau Special Administrative Region,MO,MAC,MO-32.png,MO-128.png,22.19872287,113.543877,12
MK,Macedonia,The former Yugoslav Republic of Macedonia,MK,MKD,MK-32.png,MK-128.png,41.60059479,21.745279,8
MG,Madagascar,Republic of Madagascar,MG,MDG,MG-32.png,MG-128.png,-19.79858543,46.97898228,5
MW,Malawi,Republic of Malawi,MW,MWI,MW-32.png,MW-128.png,-12.48684092,34.14223524,6
MY,Malaysia,Malaysia,MY,MYS,MY-32.png,MY-128.png,4.97345793,106.5460905,5
MV,Maldives,Republic of Maldives,MV,MDV,MV-32.png,MV-128.png,-0.64224221,73.13373313,12
ML,Mali,Republic of Mali,ML,MLI,ML-32.png,ML-128.png,17.69385811,-1.9636873,5
MT,Malta,Republic of Malta,MT,MLT,MT-32.png,MT-128.png,35.89706403,14.43687877,11
MH,Marshall Islands,Republic of the Marshall Islands,MH,MHL,MH-32.png,MH-128.png,7.30130732,168.7551262,10
MQ,Martinique,Department of Martinique,MQ,MTQ,MQ-32.png,MQ-128.png,14.64128045,-61.024176,10
MR,Mauritania,Islamic Republic of Mauritania,MR,MRT,MR-32.png,MR-128.png,20.28331239,-10.21573334,5
MU,Mauritius,Republic of Mauritius,MU,MUS,MU-32.png,MU-128.png,-20.28368188,57.56588291,10
YT,Mayotte,Overseas Department of Mayotte,YT,MYT,YT-32.png,YT-128.png,-12.82744522,45.166242,11
MX,Mexico,United Mexican States,MX,MEX,MX-32.png,MX-128.png,22.92036676,-102.3330534,5
FM,Fed. States of Micronesia,Federated States of Micronesia,FM,FSM,FM-32.png,FM-128.png,6.88747377,158.2150717,12
MD,Moldova,Republic of Moldova,MD,MDA,MD-32.png,MD-128.png,47.10710437,28.54018109,7
MC,Monaco,Principality of Monaco,MC,MCO,MC-32.png,MC-128.png,43.7046362,6.75444978,9
MN,Mongolia,Mongolia,MN,MNG,MN-32.png,MN-128.png,46.8055627,104.3080898,5
ME,Montenegro,Montenegro,ME,MNE,ME-32.png,ME-128.png,42.7169959,19.09699321,8
MS,Montserrat,Montserrat,MS,MSR,MS-32.png,MS-128.png,16.74774077,-62.187366,12
MA,Morocco,Kingdom of Morocco,MA,MAR,MA-32.png,MA-128.png,31.95441758,-7.26839325,6
MZ,Mozambique,Republic of Mozambique,MZ,MOZ,MZ-32.png,MZ-128.png,-19.07617816,33.81570282,5
MM,Myanmar,Union of Myanmar,MM,MMR,MM-32.png,MM-128.png,19.2098538,96.54949272,5
NA,Namibia,Republic of Namibia,NA,NAM,NA-32.png,NA-128.png,-22.7096562,16.72161918,6
NR,Nauru,Republic of Nauru,NR,NRU,NR-32.png,NR-128.png,-0.52586763,166.9327046,13
NP,Nepal,Federal Democratic Republic of Nepal,NP,NPL,NP-32.png,NP-128.png,28.2843077,83.98119373,7
NL,Netherlands,Kingdom of the Netherlands,NL,NLD,NL-32.png,NL-128.png,52.33939951,4.98914998,7
NC,New Caledonia,Territory of New Caledonia and Dependencies,NC,NCL,NC-32.png,NC-128.png,-21.2610402,165.5878376,8
NZ,New Zealand,New Zealand,NZ,NZL,NZ-32.png,NZ-128.png,-40.95025298,171.7658618,5
NI,Nicaragua,Republic of Nicaragua,NI,NIC,NI-32.png,NI-128.png,12.91806226,-84.82270352,7
NE,Niger,Republic of the Niger,NE,NER,NE-32.png,NE-128.png,17.23446679,8.2354786,6
NG,Nigeria,Federal Republic of Nigeria,NG,NGA,NG-32.png,NG-128.png,9.02165273,7.82933373,6
NU,Niue,Niue,NU,NIU,NU-32.png,NU-128.png,-19.04976362,-169.8658557,11
NF,Norfolk Island,Norfolk Islands,NF,NFK,NF-32.png,NF-128.png,-29.02801043,167.9430302,13
KP,North Korea,Democratic People's Republic of Korea,KP,PRK,KP-32.png,KP-128.png,40.007855,127.4881283,6
MP,Northern Mariana Islands,Commonwealth of the Northern Mariana Islands,MP,MNP,MP-32.png,MP-128.png,15.09783636,145.6739,11
NO,Norway,Kingdom of Norway,NO,NOR,NO-32.png,NO-128.png,65.04680297,13.50069228,4
OM,Oman,Sultanate of Oman,OM,OMN,OM-32.png,OM-128.png,20.69906846,56.69230596,6
PK,Pakistan,Islamic Republic of Pakistan,PK,PAK,PK-32.png,PK-128.png,29.90335974,70.34487986,5
PW,Palau,Republic of Palau,PW,PLW,PW-32.png,PW-128.png,7.49856307,134.572915,10
PS,"Palestinian Territory, Occupied",the Occupied Palestinian Territory,PS,PSE,PS-32.png,PS-128.png,32.26367103,35.21936714,8
PA,Panama,Republic of Panama,PA,PAN,PA-32.png,PA-128.png,8.52135102,-80.04603702,7
PG,Papua New Guinea,Papua New Guinea,PG,PNG,PG-32.png,PG-128.png,-6.62414046,144.4499348,7
PY,Paraguay,Republic of Paraguay,PY,PRY,PY-32.png,PY-128.png,-23.38564782,-58.29551057,6
PE,Peru,Republic of Peru,PE,PER,PE-32.png,PE-128.png,-8.50205247,-76.15772412,5
PH,Philippines,Republic of the Philippines,PH,PHL,PH-32.png,PH-128.png,12.823612,121.774017,6
PN,Pitcairn Islands,Pitcairn Group of Islands,PN,PCN,PN-32.png,PN-128.png,-24.37673925,-128.3242373,13
PL,Poland,Republic of Poland,PL,POL,PL-32.png,PL-128.png,52.10117636,19.33190957,6
PT,Portugal,Portuguese Republic,PT,PRT,PT-32.png,PT-128.png,39.44879136,-8.03768042,6
PR,Puerto Rico,Commonwealth of Puerto Rico,PR,PRI,PR-32.png,PR-128.png,18.21963053,-66.590151,9
QA,Qatar,State of Qatar,QA,QAT,QA-32.png,QA-128.png,25.24551555,51.2443148,8
RE,Réunion,Department of Reunion,RE,REU,RE-32.png,RE-128.png,-21.11480084,55.536382,10
RO,Romania,Romania,RO,ROU,RO-32.png,RO-128.png,45.56450023,25.21945155,6
RU,Russia,Russian Federation,RU,RUS,RU-32.png,RU-128.png,57.96812298,102.4183714,3
RW,Rwanda,Republic of Rwanda,RW,RWA,RW-32.png,RW-128.png,-1.98589079,29.94255855,8
BL,Saint Barthélemy,Territorial collectivity of Saint Barthélemy,BL,BLM,BL-32.png,BL-128.png,17.90042417,-62.83376215,13
SH,"Saint Helena, Ascension and Tristan da Cunha","Saint Helena, Ascension and Tristan da Cunha",SH,SHN,SH-32.png,SH-128.png,-37.10521846,-12.2776858,12
KN,Saint Kitts and Nevis,Saint Kitts and Nevis,KN,KNA,KN-32.png,KN-128.png,17.33453669,-62.76411725,12
LC,Saint Lucia,Saint Lucia,LC,LCA,LC-32.png,LC-128.png,13.90938495,-60.978895,11
MF,Saint Martin,Saint Martin,MF,MAF,MF-32.png,MF-128.png,18.07637107,-63.05019106,12
PM,Saint Pierre and Miquelon,Saint Pierre and Miquelon,PM,SPM,PM-32.png,PM-128.png,46.88469499,-56.315902,10
VC,Saint Vincent and the Grenadines,Saint Vincent and the Grenadines,VC,VCT,VC-32.png,VC-128.png,13.25276143,-61.197098,11
WS,Samoa,Independent State of Samoa,WS,WSM,WS-32.png,WS-128.png,-13.57998954,-172.4520736,10
SM,San Marino,Republic of San Marino,SM,SMR,SM-32.png,SM-128.png,43.94223356,12.457777,11
ST,Sao Tome and Principe,Democratic Republic of Sao Tome and  Principe,ST,STP,ST-32.png,ST-128.png,0.2338191,6.59935809,10
SA,Saudi Arabia,Kingdom of Saudi Arabia,SA,SAU,SA-32.png,SA-128.png,24.16687314,42.88190638,5
SN,Senegal,Republic of Senegal,SN,SEN,SN-32.png,SN-128.png,14.43579003,-14.68306489,7
RS,Serbia,Republic of Serbia,RS,SRB,RS-32.png,RS-128.png,44.06736041,20.29725084,7
SC,Seychelles,Republic of Seychelles,SC,SYC,SC-32.png,SC-128.png,-4.68053204,55.49061371,11
SL,Sierra Leone,Republic of Sierra Leone,SL,SLE,SL-32.png,SL-128.png,8.45575589,-11.93368759,8
SG,Singapore,Republic of Singapore,SG,SGP,SG-32.png,SG-128.png,1.33873261,103.8332356,11
SX,Sint Maarten,Sint Maarten,SX,SXM,SX-32.png,SX-128.png,18.04433885,-63.0561632,12
SK,Slovakia,Slovak Republic,SK,SVK,SK-32.png,SK-128.png,48.66923253,19.75396564,7
SI,Slovenia,Republic of Slovenia,SI,SVN,SI-32.png,SI-128.png,46.14315048,14.995463,8
SB,Solomon Islands,Solomon Islands,SB,SLB,SB-32.png,SB-128.png,-9.6455428,160.156194,10
SO,Somalia,Somali Republic,SO,SOM,SO-32.png,SO-128.png,2.87224619,45.27676444,7
ZA,South Africa,Republic of South Africa,ZA,ZAF,ZA-32.png,ZA-128.png,-27.17706863,24.50856092,5
GS,South Georgia and the South Sandwich Islands,South Georgia and the South Sandwich Islands,GS,SGS,GS-32.png,GS-128.png,-54.38130284,-36.67305304,9
KR,South Korea,Republic of Korea,KR,KOR,KR-32.png,KR-128.png,36.56344139,127.5142465,7
SS,South Sudan,Republic of South Sudan,SS,SSD,SS-32.png,SS-128.png,7.91320803,30.15342434,6
ES,Spain,Kingdom of Spain,ES,ESP,ES-32.png,ES-128.png,39.87299401,-3.67089492,6
LK,Sri Lanka,Democratic Socialist Republic of Sri  Lanka,LK,LKA,LK-32.png,LK-128.png,7.61264985,80.83772497,7
SD,Sudan,Republic of the Sudan,SD,SDN,SD-32.png,SD-128.png,15.96646839,30.37145459,5
SR,Suriname,Republic of Suriname,SR,SUR,SR-32.png,SR-128.png,4.26470865,-55.93988238,7
SJ,Svalbard and Jan Mayen,Svalbard and Jan Mayen,SJ,SJM,SJ-32.png,SJ-128.png,77.92215764,18.99010622,4
SZ,Swaziland,Kingdom of Swaziland,SZ,SWZ,SZ-32.png,SZ-128.png,-26.5389257,31.47960891,9
SE,Sweden,Kingdom of Sweden,SE,SWE,SE-32.png,SE-128.png,61.42370427,16.73188991,4
CH,Switzerland,Swiss Confederation,CH,CHE,CH-32.png,CH-128.png,46.81010721,8.227512,8
SY,Syria,Syrian Arab Republic,SY,SYR,SY-32.png,SY-128.png,34.7109743,38.66723516,6
TW,Taiwan,Republic of China,TW,TWN,TW-32.png,TW-128.png,23.71891402,121.1088404,7
TJ,Tajikistan,Republic of Tajikistan,TJ,TJK,TJ-32.png,TJ-128.png,38.68075124,71.23215769,7
TZ,Tanzania,United Republic of Tanzania,TZ,TZA,TZ-32.png,TZ-128.png,-6.37551085,34.85587302,6
TH,Thailand,Kingdom of Thailand,TH,THA,TH-32.png,TH-128.png,14.6000981,101.3880588,5
GM,The Gambia,Republic of The Gambia,GM,GMB,GM-32.png,GM-128.png,13.15921146,-15.35956748,8
TL,Timor-Leste,Democratic Republic of Timor-Leste,TL,TLS,TL-32.png,TL-128.png,-8.88926365,125.996714,9
TG,Togo,Togolese Republic,TG,TGO,TG-32.png,TG-128.png,8.68089206,0.86049757,7
TK,Tokelau,Tokelau,TK,TKL,TK-32.png,TK-128.png,-9.16682644,-171.8398169,10
TO,Tonga,Kingdom of Tonga,TO,TON,TO-32.png,TO-128.png,-21.17890075,-175.198242,11
TT,Trinidad and Tobago,Republic of Trinidad and Tobago,TT,TTO,TT-32.png,TT-128.png,10.43241863,-61.222503,10
TN,Tunisia,Republic of Tunisia,TN,TUN,TN-32.png,TN-128.png,33.8843194,9.71878341,6
TR,Turkey,Republic of Turkey,TR,TUR,TR-32.png,TR-128.png,38.27069555,36.28703317,5
TM,Turkmenistan,Turkmenistan,TM,TKM,TM-32.png,TM-128.png,38.94915421,59.06190323,6
TC,Turks and Caicos Islands,Turks and Caicos Islands,TC,TCA,TC-32.png,TC-128.png,21.72816866,-71.79654471,9
TV,Tuvalu,Tuvalu,TV,TUV,TV-32.png,TV-128.png,-8.45968122,179.1331094,12
UG,Uganda,Republic of Uganda,UG,UGA,UG-32.png,UG-128.png,1.5476062,32.44409759,7
UA,Ukraine,Ukraine,UA,UKR,UA-32.png,UA-128.png,48.89358596,31.1051692,6
AE,United Arab Emirates,United Arab Emirates,AE,ARE,AE-32.png,AE-128.png,24.64324405,53.62261227,7
GB,United Kingdom,United Kingdom of Great Britain and Northern Ireland,GB,GBR,GB-32.png,GB-128.png,53.36540813,-2.72184767,6
US,United States,United States of America,US,USA,US-32.png,US-128.png,37.66895362,-102.3925645,4
UM,United States Minor Outlying Islands,United States Minor Outlying Islands,UM,UMI,UM-32.png,UM-128.png,19.46305694,177.9863109,5
VI,United States Virgin Islands,Virgin Islands of the United States,VI,VIR,VI-32.png,VI-128.png,18.01000938,-64.7741141,9
UY,Uruguay,Eastern Republic of Uruguay,UY,URY,UY-32.png,UY-128.png,-32.49342987,-55.765833,7
UZ,Uzbekistan,Republic of Uzbekistan,UZ,UZB,UZ-32.png,UZ-128.png,41.30829147,62.6297096,6
VU,Vanuatu,Republic of Vanuatu,VU,VUT,VU-32.png,VU-128.png,-15.37256614,166.95916,8
VA,Vatican City State,State of the Vatican City,VA,VAT,VA-32.png,VA-128.png,41.9037781,12.45340142,16
VE,Venezuela,Bolivarian Republic of Venezuela,VE,VEN,VE-32.png,VE-128.png,5.98477766,-65.94152264,6
VN,Viet Nam,Socialist Republic of Viet Nam,VN,VNM,VN-32.png,VN-128.png,17.19931699,107.140128,5
VG,Virgin Islands,British Virgin Islands,VG,VGB,VG-32.png,VG-128.png,17.67004187,-64.7741101,10
WF,Wallis and Futuna,Territory of the Wallis and Futuna Islands,WF,WLF,WF-32.png,WF-128.png,-14.29378486,-178.116498,12
EH,Western Sahara,Western Sahara,EH,ESH,EH-32.png,EH-128.png,24.79324356,-13.67683563,6
YE,Yemen,Republic of Yemen,YE,YEM,YE-32.png,YE-128.png,15.60865453,47.60453676,6
ZM,Zambia,Republic of Zambia,ZM,ZMB,ZM-32.png,ZM-128.png,-13.01812188,28.33274444,6
ZW,Zimbabwe,Republic of Zimbabwe,ZW,ZWE,ZW-32.png,ZW-128.png,-19.00784952,30.18758584,6
